Amazon (author page),https://amazon.com/stores/author/B002PMN0NK
Anobii,https://anobii.com/en/gulopine/profile/
Bandcamp,https://bandcamp.com/gulopine
Bluesky,https://bsky.app/profile/gulopine.com
Bitbucket,https://bitbucket.com/gulopine
Bookshop (wishlist),https://bookshop.org/wishlists/10f468c9a069345d152a634051b2af55d6c712c3
Bricklink,https://bricklink.com/feedback.asp?u=gulopine
Bricksafe,https://bricksafe.com/pages/gulopine
Cash App,https://cash.app/$gulopine
CodePen,https://codepen.io/gulopine
Colour Lovers,https://colourlovers.com/lover/gulopine
Daytum,https://daytum.com/gulopine
Deviant Art,https://deviantart.com/gulopine
Disqus,https://disqus.com/by/gulopine
Django People,https://djangopeople.net/gulopine/
Django Snippets,https://djangosnippets.org/users/gulopine
Dribbble,https://dribbble.com/gulopine
eBay,https://ebay.com/usr/gulopine
Elfster,https://elfster.com/profile/a470a720-903a-4a9c-9891-739191166c0f/wish-lists/
Etsy,https://etsy.com/people/gulopine
Facebook,https://facebook.com/gulopine
Fitbit,https://fitbit.com/user/22XCL9
Flickr,https://flickr.com/gulopine
GiantBomb,https://giantbomb.com/profile/gulopine/
GitBook,https://gulopine.gitbook.io/
GitHub,https://github.com/gulopine
GitLab,https://gitlab.com/gulopine
Gitter,https://gitter.im/gulopine/home
Goodreads,https://goodreads.com/gulopine
Gumroad,https://gulopine.gumroad.com/
Hackaday,https://hackaday.io/gulopine
ICQ,https://icq.im/5013953
IMDb (user),https://imdb.com/user/ur1380467/
IMDb (credits),https://imdb.com/name/nm5495261/
imgur,https://imgur.com/user/gulopine
Instagram,https://instagram.com/gulopine
ISNI,https://isni.org/isni/0000000117928989
Keybase,https://keybase.io/gulopine
Kickstarter,https://kickstarter.com/profile/gulopine
last.fm,https://last.fm/user/gulopine
Letterboxd,https://letterboxd.com/gulopine/
LinkedIn,https://linkedin.com/in/gulopine
LiveJournal,https://gulopine.livejournal.com/
Maker World,https://makerworld.com/en/@gulopine
Map Warper,https://mapwarper.net/users/746
Mastodon.social,https://mastodon.social/@gulopine
Medium,https://medium.com/@gulopine
Meetup,https://meetup.com/members/968666
Mouse Planet,https://mouseplanet.com/photos/shohwgallery.php?cat=500&ppuser=23058
Newspapers,https://newspapers.com/profile/gulopine
NextDoor,https://nextdoor.com/profile/14046880
NPM,https://npmjs.com/~gulopine
OSH Park,https://oshpark.com/profiles/Gulopine
OpenFlights,https://openflights.org/user/Gulopine
OpenStreetMap,https://openstreetmap.org/user/gulopine
ORCiD,https://orcid.org/0000-0002-9888-2114
Patreon,https://patreon.com/gulopine
PayPal,https://paypal.me/gulopine
Periscope,https://periscope.tv/gulopine
Pinterest,https://pinterest.com/gulopine
Pixelfed,https://pixelfed.social/i/web/profile/206201851186647040
Plurk,https://plurk.com/gulopine
Pocket,https://getpocket.com/@gulopine
Polywork,https://polywork.com/gulopine
PyPI,https://pypi.org/user/gulopine
Quora,https://quora.com/profile/Marty-Alchin
Ravelry,https://ravelry.com/people/gulopine
rcdb,https://rcdb.com/11952.htm
Rebrickable,https://rebrickable.com/users/gulopine
Read the Docs,https://readthedocs.org/profiles/gulopine
RedBubble,https://redbubble.com/people/gulopine
Reddit,https://reddit.com/u/gulopine
Retro Achievements,https://retroachievements.org/user/gulopine
RetroWDW,https://retrowdw.com/user/gulopine
SlideShare,https://slideshare.net/gulopine
Speaker Deck,https://speakerdeck.com/gulopine
Soundcloud,https://soundcloud.com/gulopine
Speedrun.com,https://speedrun.com/user/gulopine
Spotify,https://open.spotify.com/user/gulopine
Stack Exchange,https://stackexchange.com/users/43674/
Steam,https://steamcommunity.com/id/gulopine
Strava,https://strava.com/athletes/gulopine
Telegram,https://t.me/gulopine
Textillia,https://textillia.com/members/gulopine
Threads,https://threads.net/@gulopine
TikTok,https://tiktok.com/@gulopine
Tindie,https://tindie.com/stores/gulopine/
Trakt,https://trakt.tv/users/gulopine
Tripit,https://tripit.com/people/gulopine
Tumblr,https://gulopine.tumblr.com/
Twitch,https://twitch.tv/gulopine
Venmo,https://venmo.com/gulopine
VGMdb,https://vgmdb.net/forums/member.php?u=340
Vimeo,https://vimeo.com/gulopine
Wikiloc,https://wikiloc.com/wikiloc/user.do?id=6409479
Wikipedia,https://en.wikipedia.org/wiki/user:gulopine
World Key,https://worldkey.io/@gulopine
Yelp,https://yelp.com/user_details?userid=p0lhgj_Tf7gIp1oK-q9FAQ
YouTube,https://youtube.com/@gulopine
